{"extra_symbol_width": 13.07888349514563, "allow_extra_symbols": true, "family_coeff": {"Arial": -0.6837779499673, "Calibri": 0.28558136180135374, "Garamond": 0.4156164810878001, "Geneva": 0.28622987023196333, "Georgia": 0.4156164810878001, "Helvetica": -0.6837779499673, "Lucida Grande": 0.28622987023196333, "Rockwell": 0.5147205322837164, "Times New Roman": -1.9457923834244848, "Verdana": 0.5649063510868384}, "face_coeff": {"bold": 1.0107127530333762, "bold+italic": 1.1260444609491231, "italic": 0.13575573844391728, "normal": 2.691318849577714e-17}, "size_coeff": 0.9946904666152087, "exagg_coeff": 1.1012}