{"extra_symbol_width": 13.075970873786408, "allow_extra_symbols": true, "family_coeff": {"Arial": -0.6352619712746876, "Calibri": 0.3340973404939661, "Garamond": 0.46413245978041245, "Geneva": 0.3347458489245757, "Georgia": 0.46413245978041245, "Helvetica": -0.6352619712746876, "Lucida Grande": 0.3347458489245757, "Rockwell": 0.5632365109763288, "Times New Roman": -1.8972764047318726, "Verdana": 0.6134223297794508}, "face_coeff": {"bold": 1.010712753033376, "bold+italic": 1.126044460949123, "italic": 0.13575573844391725, "normal": -4.118337030386443e-18}, "size_coeff": 0.994711248089573, "exagg_coeff": 1.1018}