{"extra_symbol_width": 12.327791262135923, "allow_extra_symbols": true, "family_coeff": {"Arial": 0.08777509389956582, "Calibri": -0.7568924686338481, "Garamond": -1.2341292120659895, "Geneva": 0.08777509389956582, "Georgia": 0.06628876951083008, "Helvetica": 0.08777509389956582, "Lucida Grande": 0.08777509389956582, "Rockwell": 0.41710660522332965, "Times New Roman": -1.2007569745330333, "Verdana": 1.3042084025015728}, "face_coeff": {"bold": 0.6908238890181602, "bold+italic": 0.9172120995070999, "italic": 0.1783188620736738, "normal": -2.1278029435615383e-17}, "size_coeff": 0.9843304096547842, "exagg_coeff": 1.1582}